[
  {
    "image": "extracted_images/images/class_0_img_19.png",
    "adv_pred": 6
  },
  {
    "image": "extracted_images/images/class_0_img_27.png",
    "adv_pred": 6
  },
  {
    "image": "extracted_images/images/class_1_img_2.png",
    "adv_pred": 6
  },
  {
    "image": "extracted_images/images/class_2_img_1.png",
    "adv_pred": 2
  },
  {
    "image": "extracted_images/images/class_2_img_16.png",
    "adv_pred": 6
  },
  {
    "image": "extracted_images/images/class_3_img_13.png",
    "adv_pred": 6
  },
  {
    "image": "extracted_images/images/class_3_img_29.png",
    "adv_pred": 0
  },
  {
    "image": "extracted_images/images/class_4_img_10.png",
    "adv_pred": 6
  },
  {
    "image": "extracted_images/images/class_4_img_6.png",
    "adv_pred": 2
  },
  {
    "image": "extracted_images/images/class_5_img_11.png",
    "adv_pred": 5
  },
  {
    "image": "extracted_images/images/class_5_img_8.png",
    "adv_pred": 0
  },
  {
    "image": "extracted_images/images/class_6_img_7.png",
    "adv_pred": 4
  },
  {
    "image": "extracted_images/images/class_7_img_12.png",
    "adv_pred": 5
  },
  {
    "image": "extracted_images/images/class_7_img_9.png",
    "adv_pred": 7
  },
  {
    "image": "extracted_images/images/class_8_img_18.png",
    "adv_pred": 6
  },
  {
    "image": "extracted_images/images/class_8_img_30.png",
    "adv_pred": 8
  },
  {
    "image": "extracted_images/images/class_9_img_0.png",
    "adv_pred": 9
  },
  {
    "image": "extracted_images/images/class_9_img_23.png",
    "adv_pred": 7
  }
]